﻿<?xml version="1.0" encoding="utf-8" ?>
<c2eventsheet>
    <!--All the 'name' attributes are ignored by Construct 2 - they are there for readability only.-->
    <name>Event sheet 1</name>
    <events>
        <event-block sid="838560621921276">
            <conditions />
            <actions />
        </event-block>
        <event-block sid="496110091238280">
            <conditions>
                <condition id="17" name="On tap object" sid="698112477970928" type="Touch">
                    <param id="0" name="Object">btn_start</param>
                </condition>
                <condition id="-7" name="Compare instance variable" sid="222492138853611" type="btn_start">
                    <param id="0" name="Instance variable">botao</param>
                    <param id="1" name="Comparison">0</param>
                    <param id="2" name="Value">1</param>
                </condition>
            </conditions>
            <actions>
                <action id="-2" name="Go to layout" sid="204601996792688" type="System">
                    <param id="0" name="Layout">menu</param>
                </action>
            </actions>
        </event-block>
    </events>
</c2eventsheet>
